Data/Hora,Download (Mbps),Upload (Mbps),Ping (ms)
2025-01-05 12:36:02,86.96919778127726,61.71341173173081,67.811
